,City,Country,Lat,Lng,Max Temp,Humidity,Cloudiness,Wind Speed,Current Description
0,Nikolskoye,RU,59.7035,30.7861,70.88,56,94,6.82,overcast clouds
1,Batticaloa,LK,7.7102,81.6924,82.44,74,100,4.54,moderate rain
2,Labuhan,ID,-6.8844,112.2051,79.25,77,55,9.06,broken clouds
3,Bengkulu,ID,-3.8004,102.2655,79.16,83,87,2.75,overcast clouds
4,San Andres,CO,12.5847,-81.7006,84.22,79,40,9.22,scattered clouds
5,Srednekolymsk,RU,67.45,153.6833,43.86,72,8,12.44,clear sky
6,Punta Arenas,CL,-53.15,-70.9167,41.11,87,100,23.02,moderate rain
7,Bluff,NZ,-46.6,168.3333,47.8,77,100,10.74,overcast clouds
8,Jamestown,US,42.097,-79.2353,76.17,72,100,16.11,overcast clouds
9,Taltal,CL,-25.4,-70.4833,63.37,65,65,5.97,broken clouds
10,Vicuna,CL,-30.0319,-70.7081,47.93,39,75,3.53,broken clouds
11,Coos Bay,US,43.3665,-124.2179,57.99,99,100,4.61,mist
12,Vaini,TO,-21.2,-175.2,73.56,94,75,6.91,broken clouds
13,Bethel,US,41.3712,-73.414,82.54,78,20,6.91,few clouds
14,Hilo,US,19.7297,-155.09,75.27,87,0,5.75,clear sky
15,Mar Del Plata,AR,-38.0023,-57.5575,49.08,94,75,20.71,broken clouds
16,Touros,BR,-5.1989,-35.4608,82.42,65,20,16.04,few clouds
17,Lebu,CL,-37.6167,-73.65,49.78,79,0,7.27,clear sky
18,Papetoai,PF,-17.4961,-149.8729,76.59,71,7,24.43,clear sky
19,Shepsi,RU,44.0361,39.1489,76.64,66,0,8.32,clear sky
20,Rikitea,PF,-23.1203,-134.9692,73.44,65,0,20.54,clear sky
21,Ushuaia,AR,-54.8,-68.3,44.26,65,75,9.22,broken clouds
22,Lamar,US,33.6668,-95.5836,88.99,62,0,10.36,clear sky
23,Ouro Preto Do Oeste,BR,-10.7481,-62.2158,88.23,29,10,3.98,clear sky
24,New Norfolk,AU,-42.7826,147.0587,44.1,82,68,1.01,broken clouds
25,Dukat,RU,62.55,155.55,48.09,57,100,1.34,overcast clouds
26,Lazaro Cardenas,MX,17.9583,-102.2,76.95,88,96,2.75,overcast clouds
27,Komsomolskiy,UZ,40.4272,71.7189,93.92,22,17,4.61,few clouds
28,Paamiut,GL,61.994,-49.6678,41.49,91,26,19.1,scattered clouds
29,Saint-Philippe,RE,-21.3585,55.7679,73.22,78,52,8.88,broken clouds
30,Cape Town,ZA,-33.9258,18.4232,69.35,54,0,6.91,clear sky
31,Busselton,AU,-33.65,115.3333,62.6,82,18,16.6,few clouds
32,Geraldton,AU,-28.7667,114.6,59.41,88,95,9.22,overcast clouds
33,Soyo,AO,-6.1349,12.3689,75.4,68,75,10.13,broken clouds
34,Mataura,NZ,-46.1927,168.8643,47.48,98,100,2.77,overcast clouds
35,Carnarvon,AU,-24.8667,113.6333,70.52,59,100,8.03,overcast clouds
36,Port Alfred,ZA,-33.5906,26.891,70.18,73,12,5.99,few clouds
37,Arraial Do Cabo,BR,-22.9661,-42.0278,82.26,47,0,11.5,clear sky
38,Barrow,US,71.2906,-156.7887,33.06,97,100,12.66,overcast clouds
39,Samur,RU,41.8253,48.486,78.49,57,15,7.02,few clouds
40,Atuona,PF,-9.8,-139.0333,76.77,75,60,24.07,broken clouds
41,Paita,PE,-5.0892,-81.1144,65.68,78,63,12.68,broken clouds
42,Xuddur,SO,4.1213,43.8894,87.03,32,59,19.86,broken clouds
43,Atbasar,KZ,51.8,68.3333,69.94,71,100,13.33,light rain
44,Bambous Virieux,MU,-20.3428,57.7575,71.22,75,19,9.62,few clouds
45,Puerto Ayora,EC,-0.7393,-90.3518,71.56,88,100,11.9,overcast clouds
46,Bali,ID,-8.5,115.0,77.97,89,100,5.77,overcast clouds
47,Ponta Do Sol,PT,32.6667,-17.1,81.72,70,0,0.96,clear sky
48,Dunedin,NZ,-45.8742,170.5036,43.81,79,100,13.0,overcast clouds
49,Kurilsk,RU,45.2333,147.8833,54.01,95,79,4.65,broken clouds
50,Dingle,PH,10.9995,122.6711,78.06,88,100,5.73,moderate rain
51,Kargopol,RU,61.5071,38.9456,71.82,86,84,3.98,broken clouds
52,Alvarado,MX,18.7667,-95.7667,77.32,88,100,3.96,overcast clouds
53,Hasaki,JP,35.7333,140.8333,81.0,89,100,10.63,overcast clouds
54,Portree,GB,57.4129,-6.1942,63.52,73,100,1.48,overcast clouds
55,Chicama,PE,-7.8447,-79.1469,57.74,74,46,6.64,scattered clouds
56,Qaanaaq,GL,77.484,-69.3632,38.68,72,12,0.85,few clouds
57,Albany,US,42.6001,-73.9662,81.43,69,6,3.22,clear sky
58,Hervey Bay,AU,-25.2986,152.8535,56.01,85,0,3.0,clear sky
59,Cherskiy,RU,68.75,161.3,46.33,64,100,6.42,overcast clouds
60,Airai,TL,-8.9266,125.4092,54.34,87,39,4.38,scattered clouds
61,East London,ZA,-33.0153,27.9116,70.14,74,5,24.2,clear sky
62,Arman,RU,59.7,150.1667,53.02,95,100,4.54,overcast clouds
63,Merrill,US,45.1805,-89.6835,62.89,78,75,10.36,broken clouds
64,Salalah,OM,17.0151,54.0924,78.89,89,75,8.05,broken clouds
65,Longyearbyen,SJ,78.2186,15.6401,42.64,75,40,20.71,scattered clouds
66,Wesel,DE,51.6667,6.6167,78.93,13,100,8.34,overcast clouds
67,Broken Hill,AU,-31.95,141.4333,48.31,48,14,5.08,few clouds
68,Ust-Nera,RU,64.5667,143.2,63.77,54,83,4.68,broken clouds
69,Newport,GB,51.5877,-2.9984,73.62,67,96,8.41,overcast clouds
70,Mount Gambier,AU,-37.8333,140.7667,42.26,89,19,2.64,few clouds
71,Saskylakh,RU,71.9167,114.0833,67.75,54,100,3.74,overcast clouds
72,Namatanai,PG,-3.6667,152.4333,79.75,79,86,10.74,overcast clouds
73,Cabo San Lucas,MX,22.8909,-109.9124,81.52,76,16,4.59,few clouds
74,Cidreira,BR,-30.1811,-50.2056,70.38,72,100,5.7,light rain
75,Pingxiang,CN,27.6167,113.85,79.57,90,100,1.36,overcast clouds
76,Witu,KE,-2.3889,40.4382,77.43,68,46,13.62,scattered clouds
77,Werda,BW,-25.2667,23.2833,77.67,19,39,16.78,scattered clouds
78,Khatanga,RU,71.9667,102.5,68.32,51,47,7.65,scattered clouds
79,Pleasanton,US,37.6624,-121.8747,61.12,88,20,6.91,few clouds
80,Ossora,RU,59.2353,163.0719,49.62,81,94,3.49,overcast clouds
81,Kilemary,RU,56.7783,46.8659,77.47,52,89,3.51,overcast clouds
82,Sitka,US,57.0531,-135.33,57.09,94,100,4.61,light rain
83,Melfi,IT,40.9965,15.6514,93.2,25,0,13.11,clear sky
84,Olga,RU,43.7444,135.2892,65.97,98,100,1.21,overcast clouds
85,Hithadhoo,MV,-0.6,73.0833,81.59,77,99,12.77,overcast clouds
86,Trairi,BR,-3.2778,-39.2689,86.5,47,89,12.82,overcast clouds
87,Paris,FR,48.8534,2.3488,83.37,35,0,6.91,clear sky
88,Hobart,AU,-42.8794,147.3294,44.46,79,40,9.22,scattered clouds
89,Svetlogorsk,BY,52.6333,29.7333,71.49,53,87,4.9,overcast clouds
90,Constitucion,CL,-35.3333,-72.4167,51.94,67,0,7.63,clear sky
91,Abha,SA,18.2164,42.5053,77.25,50,40,10.36,scattered clouds
92,Ancud,CL,-41.8697,-73.8203,44.87,87,90,0.4,overcast clouds
93,Yulara,AU,-25.2406,130.9889,51.66,24,100,9.57,overcast clouds
94,Presidencia Roque Saenz Pena,AR,-26.7852,-60.4388,68.34,62,100,15.28,overcast clouds
95,Cayenne,GF,4.9333,-52.3333,87.84,22,20,4.61,few clouds
96,Banda Aceh,ID,5.5577,95.3222,79.79,83,100,10.13,overcast clouds
97,Rongcheng,CN,30.634,117.8517,75.9,93,100,4.72,overcast clouds
98,Russkaya Polyana,UA,49.417,31.9201,80.24,38,89,7.78,overcast clouds
99,Zheleznodorozhnyy,RU,55.7503,38.0042,74.75,48,99,8.88,overcast clouds
100,Sabzevar,IR,36.2126,57.6819,99.52,15,13,14.9,few clouds
101,Pangody,RU,65.85,74.4859,68.76,57,90,8.32,overcast clouds
102,Saint George,US,37.1041,-113.5841,76.78,75,55,1.99,broken clouds
103,Ihiala,NG,5.8538,6.8603,73.02,93,100,9.31,light rain
104,Isangel,VU,-19.55,169.2667,74.57,89,100,7.23,overcast clouds
105,Dingtao,CN,35.0683,115.5625,75.06,90,20,5.37,few clouds
106,Tura,IN,25.5198,90.2201,75.06,93,87,2.91,overcast clouds
107,Zavolzhsk,RU,57.4823,42.1378,77.9,61,98,8.9,overcast clouds
108,Georgetown,MY,5.4112,100.3354,85.95,81,20,2.3,heavy intensity rain
109,Severo-Kurilsk,RU,50.6789,156.125,51.84,92,5,6.96,clear sky
110,Okha,RU,53.5739,142.9478,54.21,96,23,9.44,few clouds
111,Kosh-Agach,RU,50.0,88.6667,59.32,41,4,4.14,clear sky
112,Ust-Tsilma,RU,65.441,52.1498,76.87,48,100,5.66,overcast clouds
113,Hastings,GB,50.8552,0.5729,73.78,46,100,11.65,light rain
114,Toamasina,MG,-18.1667,49.3833,70.21,85,93,6.4,light rain
115,Eureka,US,40.8021,-124.1637,57.2,92,80,3.04,broken clouds
116,Nanortalik,GL,60.1432,-45.2371,44.76,80,15,8.5,few clouds
117,Griffith,US,41.5284,-87.4237,71.89,85,100,9.22,overcast clouds
118,Calvinia,ZA,-31.4707,19.776,65.97,18,0,19.35,clear sky
119,Kahului,US,20.8947,-156.47,75.85,69,0,10.36,clear sky
120,Kumluca,TR,36.3703,30.2869,91.96,39,0,8.21,clear sky
121,Balestrand,NO,61.2076,6.5334,72.16,62,85,1.19,overcast clouds
122,Necochea,AR,-38.5473,-58.7368,48.6,81,83,21.68,broken clouds
123,Noumea,NC,-22.2763,166.4572,58.98,77,1,5.01,clear sky
124,Khandyga,RU,62.6667,135.6,67.57,65,23,2.73,few clouds
125,Kapaa,US,22.0752,-159.319,73.72,93,75,5.75,light rain
126,Lusambo,CD,-4.9667,23.45,99.81,17,87,1.5,overcast clouds
127,Port Macquarie,AU,-31.4333,152.9167,44.89,81,14,5.93,few clouds
128,Sayat,TM,38.7839,63.8803,98.42,14,17,17.31,few clouds
129,La Tuque,CA,47.4334,-72.7824,73.89,59,19,7.2,few clouds
130,Esperance,AU,-33.8667,121.9,59.32,52,37,10.49,scattered clouds
131,Port Elizabeth,ZA,-33.918,25.5701,76.1,76,0,5.01,clear sky
132,Talnakh,RU,69.4865,88.3972,61.21,56,11,11.39,few clouds
133,Clarence Town,AU,-32.5833,151.7833,54.55,73,100,3.29,overcast clouds
134,Oranjestad,AW,12.524,-70.027,84.15,70,40,17.27,scattered clouds
135,Adre,TD,13.4667,22.2,87.64,42,83,5.28,broken clouds
136,Launceston,AU,-41.45,147.1667,40.15,86,75,6.91,broken clouds
137,Naze,JP,28.3667,129.4833,80.58,82,100,14.76,overcast clouds
138,Jalu,LY,29.0331,21.5482,101.59,14,0,10.22,clear sky
139,Klaksvik,FO,62.2266,-6.589,56.32,82,93,18.16,overcast clouds
140,Upernavik,GL,72.7868,-56.1549,41.56,82,100,1.28,overcast clouds
141,Hay River,CA,60.8156,-115.7999,58.15,75,100,1.86,overcast clouds
142,Atar,MR,20.5169,-13.0499,110.68,6,0,14.97,clear sky
143,Rock Sound,BS,24.9,-76.2,82.15,75,0,16.89,clear sky
144,Ahipara,NZ,-35.1667,173.1667,55.35,76,33,11.14,scattered clouds
145,Hermanus,ZA,-34.4187,19.2345,67.8,61,0,5.48,clear sky
146,Zaranj,AF,30.9667,61.8833,108.07,14,100,5.95,overcast clouds
147,Edd,ER,13.9297,41.6925,96.39,50,57,13.31,broken clouds
148,Billings,US,45.7833,-108.5007,68.5,46,20,4.0,few clouds
149,Apatou,GF,5.155,-54.3472,80.96,90,84,2.26,broken clouds
150,Provideniya,RU,64.3833,-173.3,46.74,95,100,2.39,overcast clouds
151,Oskemen,KZ,49.9565,82.6119,82.36,32,75,11.18,broken clouds
152,Kodiak,US,57.79,-152.4072,47.71,71,0,6.91,clear sky
153,Lorengau,PG,-2.0226,147.2712,81.48,79,71,9.22,broken clouds
154,Boueni,YT,-12.9025,45.0761,80.58,73,4,11.74,clear sky
155,Saint Anthony,US,45.0205,-93.218,67.24,73,0,12.66,clear sky
156,Husavik,IS,66.0449,-17.3389,59.38,53,6,11.32,clear sky
157,Nogliki,RU,51.8333,143.1667,52.02,97,25,6.8,scattered clouds
158,Middelburg,ZA,-25.7751,29.4648,68.04,24,1,7.02,clear sky
159,Suoyarvi,RU,62.0833,32.35,69.33,50,100,7.81,overcast clouds
160,Vardo,NO,70.3705,31.1107,51.78,82,75,23.02,thunderstorm
161,Dikson,RU,73.5069,80.5464,43.86,96,100,15.28,overcast clouds
162,Tacuarembo,UY,-31.7333,-55.9833,57.27,97,100,16.42,moderate rain
163,Shache,CN,38.4167,77.2406,98.29,13,33,8.84,scattered clouds
164,Castro,BR,-24.7911,-50.0119,72.19,46,67,10.07,broken clouds
165,Sinnamary,GF,5.3833,-52.95,83.77,66,70,4.36,broken clouds
166,Pevek,RU,69.7008,170.3133,39.85,77,93,5.75,overcast clouds
167,Daru,PG,-9.0763,143.2092,75.69,90,100,19.26,overcast clouds
168,Ibra,OM,22.6906,58.5334,87.71,48,23,9.91,few clouds
169,Adrar,MR,20.5022,-10.0711,110.7,5,0,12.95,clear sky
170,Norman Wells,CA,65.282,-126.8329,55.4,80,30,3.47,scattered clouds
171,Bredasdorp,ZA,-34.5322,20.0403,71.83,44,0,7.58,clear sky
172,Vila Franca Do Campo,PT,37.7167,-25.4333,81.19,65,0,3.6,clear sky
173,Abong Mbang,CM,3.9833,13.1833,75.4,86,97,4.88,light rain
174,Tasiilaq,GL,65.6145,-37.6368,42.96,90,100,5.91,overcast clouds
175,San Quintin,MX,30.4833,-115.95,66.56,89,45,6.11,scattered clouds
176,America Dourada,BR,-11.4553,-41.4361,74.05,60,32,11.83,scattered clouds
177,Vostok,RU,46.4856,135.8833,67.01,87,100,3.83,overcast clouds
178,Raton,US,36.9034,-104.4391,62.06,84,0,21.85,clear sky
179,Nhulunbuy,AU,-12.2333,136.7667,74.01,83,16,10.36,few clouds
180,Sobolevo,RU,54.4299,31.8996,67.87,66,100,10.78,overcast clouds
181,Souillac,MU,-20.5167,57.5167,70.86,77,19,9.15,few clouds
182,High Level,CA,58.5169,-117.136,66.49,65,92,1.45,overcast clouds
183,Toktogul,KG,41.8708,72.9402,79.25,50,71,8.32,broken clouds
184,Waingapu,ID,-9.6567,120.2641,74.68,76,31,14.85,scattered clouds
185,Aklavik,CA,68.2191,-135.0107,41.81,88,100,7.74,overcast clouds
186,Tiksi,RU,71.6872,128.8694,56.59,98,100,5.61,light rain
187,Pathein,MM,16.7833,94.7333,81.91,82,4,6.82,clear sky
188,Xinyu,CN,27.8043,114.9334,78.96,83,100,3.53,overcast clouds
189,Faya,SA,18.3851,42.4509,77.52,58,67,8.41,broken clouds
190,Rivadavia,AR,-33.1905,-68.4608,52.27,58,0,5.1,clear sky
191,Kakrala,IN,27.9,79.2,91.42,55,96,2.84,overcast clouds
192,Lompoc,US,34.6391,-120.4579,57.6,90,100,8.01,fog
193,Thompson,CA,55.7435,-97.8558,59.02,62,6,6.6,clear sky
194,Moroto,UG,2.5345,34.6666,79.12,42,70,6.53,broken clouds
195,Laurel,US,39.0993,-76.8483,86.79,78,75,3.44,broken clouds
196,Petrivka,UA,46.9695,30.9591,89.83,32,99,13.56,overcast clouds
197,Sarai Mir,IN,26.0167,82.9167,91.4,53,100,3.96,overcast clouds
198,Tecoanapa,MX,16.5167,-98.75,75.42,85,100,4.03,overcast clouds
199,Chapleau,CA,47.8405,-83.4034,59.09,94,100,3.44,thunderstorm with light rain
200,Balgazyn,RU,51.0,95.2,56.68,53,90,1.43,overcast clouds
201,Mayo,US,38.8876,-76.5119,86.95,80,0,1.01,clear sky
202,Saint-Pierre,RE,-21.3393,55.4781,73.29,74,100,4.61,overcast clouds
203,Olavarria,AR,-36.8927,-60.3225,48.02,86,0,15.59,clear sky
204,Lamu,KE,-2.2717,40.902,76.53,72,37,14.29,scattered clouds
205,Eyl,SO,7.9803,49.8164,82.24,60,80,26.71,broken clouds
206,Hirado,JP,33.3597,129.5531,82.38,88,33,11.52,scattered clouds
207,Zabid,YE,14.1951,43.3152,85.89,67,94,16.75,moderate rain
208,Rietavas,LT,55.7194,21.9311,63.32,79,79,8.52,broken clouds
209,Poum,NC,-20.2333,164.0167,72.52,68,72,7.02,broken clouds
210,Goderich,CA,43.7501,-81.7165,71.91,84,3,24.74,clear sky
211,Torbat-E Jam,IR,35.244,60.6225,93.2,20,2,19.69,clear sky
212,Yellowknife,CA,62.456,-114.3525,60.57,77,100,8.01,overcast clouds
213,Itaborai,BR,-22.7444,-42.8594,82.0,36,5,2.19,clear sky
214,Riyadh,SA,24.6877,46.7219,102.34,15,100,16.89,light rain
215,Buritis,BR,-15.6178,-46.4233,78.67,35,0,5.68,clear sky
216,Saint-Augustin,CA,51.226,-58.6502,58.12,68,100,10.11,overcast clouds
217,Berdigestyakh,RU,62.0989,126.6992,69.35,67,6,4.65,clear sky
218,Ostrovnoy,RU,68.0531,39.5131,53.26,91,100,18.61,overcast clouds
219,Bouza,NE,14.4229,6.0428,82.69,51,100,6.02,overcast clouds
220,Pulupandan,PH,10.5167,122.8167,81.7,81,100,10.09,moderate rain
221,Clevelandia,BR,-26.3958,-52.4708,68.56,64,99,9.13,overcast clouds
222,Kargasok,RU,59.0556,80.8572,65.17,71,99,8.95,overcast clouds
223,Meulaboh,ID,4.1363,96.1285,78.58,82,100,2.98,overcast clouds
224,Lucapa,AO,-8.4192,20.7447,90.45,13,16,3.87,few clouds
225,Codrington,AU,-38.2667,141.9667,45.77,75,10,4.85,clear sky
226,Khasan,RU,42.4308,130.6434,69.98,96,100,6.02,overcast clouds
227,Port Moresby,PG,-9.4431,147.1797,75.18,90,51,12.97,broken clouds
228,Methoni,GR,36.8197,21.7049,94.21,63,0,9.91,clear sky
229,Butaritari,KI,3.0707,172.7902,81.93,73,100,15.61,overcast clouds
230,Sola,VU,-13.8833,167.55,80.49,78,86,16.71,overcast clouds
231,Pilar,BR,-9.5972,-35.9567,78.73,84,52,8.52,broken clouds
232,Brae,GB,60.3964,-1.353,58.48,70,96,8.37,overcast clouds
233,Santa Fe,AR,-31.6333,-60.7,56.01,73,73,8.01,broken clouds
234,Deputatskiy,RU,69.3,139.9,50.7,52,95,4.14,overcast clouds
235,Guerrero Negro,MX,27.9769,-114.0611,67.73,85,23,6.73,few clouds
236,Vestmannaeyjar,IS,63.4427,-20.2734,50.61,78,100,12.95,overcast clouds
237,Katherine,AU,-14.4667,132.2667,62.92,59,94,5.75,overcast clouds
238,Emba,KZ,48.8264,58.1442,83.75,32,76,9.42,broken clouds
239,Berlevag,NO,70.8578,29.0864,51.8,81,75,23.02,light intensity drizzle
240,Coihaique,CL,-45.5752,-72.0662,42.75,65,75,5.75,broken clouds
241,Takhtamygda,RU,54.1,123.5667,65.53,93,100,2.8,light rain
242,Victoria,HK,22.2855,114.1577,89.33,78,97,10.0,overcast clouds
243,Nizhniy Ingash,RU,56.2,96.53,59.36,85,100,4.09,overcast clouds
244,San Policarpo,PH,12.1791,125.5072,80.78,85,100,7.4,moderate rain
245,Aden,YE,12.7794,45.0367,85.57,71,23,8.86,few clouds
246,Kavieng,PG,-2.5744,150.7967,82.92,77,99,18.77,overcast clouds
247,Ratnagiri,IN,16.9833,73.3,80.92,85,83,8.63,broken clouds
248,Capaci,IT,38.1711,13.2393,95.65,52,0,18.41,clear sky
249,Svetlyy,RU,54.675,20.1347,69.96,65,8,13.89,clear sky
250,Kathu,TH,7.9178,98.3332,88.7,99,100,3.38,overcast clouds
251,Galt,US,38.2546,-121.3,66.38,84,58,4.41,broken clouds
252,Rawson,AR,-43.3002,-65.1023,43.5,58,5,15.95,clear sky
253,Santiago,CL,-33.4569,-70.6483,57.29,84,0,2.3,haze
254,Victor Harbor,AU,-35.5667,138.6167,46.69,84,90,5.77,overcast clouds
255,Arandis,NA,-22.4167,14.9667,68.18,32,4,12.17,clear sky
256,Narsaq,GL,60.9167,-46.05,55.62,54,8,6.91,clear sky
257,Arlit,NE,18.7369,7.3853,103.37,20,88,10.11,overcast clouds
258,Lakes Entrance,AU,-37.8811,147.981,42.17,84,83,11.5,broken clouds
259,Lagoa,PT,39.05,-27.9833,71.94,79,8,5.39,clear sky
260,Indapur,IN,18.3,73.25,81.59,83,88,4.16,overcast clouds
261,General Pico,AR,-35.6566,-63.7568,52.09,54,0,16.4,clear sky
262,Ribeira Grande,PT,38.5167,-28.7,81.0,61,20,10.36,few clouds
263,Karratha,AU,-20.7377,116.8463,70.75,70,1,4.16,moderate rain
264,Dalbandin,PK,28.8947,64.4101,83.01,57,100,17.63,moderate rain
265,Cabra,ES,37.4725,-4.4421,96.39,17,0,9.04,clear sky
266,Paslek,PL,54.0616,19.6593,72.55,63,61,9.95,broken clouds
267,Kambove,CD,-10.8764,26.5969,77.47,25,62,3.74,broken clouds
268,North Bend,US,43.4065,-124.2243,57.92,99,100,4.61,mist
269,Walvis Bay,NA,-22.9575,14.5053,56.08,66,3,13.47,clear sky
270,Acari,PE,-15.4311,-74.6158,65.17,73,69,6.11,broken clouds
271,Weatherford,US,32.7593,-97.7972,86.47,61,3,1.01,clear sky
272,Half Moon Bay,US,37.4636,-122.4286,61.61,92,100,8.05,mist
273,Lavrentiya,RU,65.5833,-171.0,42.04,90,100,4.99,overcast clouds
274,Lunsar,SL,8.6833,-12.5333,80.06,84,74,6.98,moderate rain
275,Beyneu,KZ,45.3167,55.2,81.28,44,100,6.89,light rain
276,Matam,SN,15.6175,-13.3303,96.87,36,22,18.84,few clouds
277,Oranjemund,NA,-28.55,16.4333,58.59,78,19,14.47,few clouds
278,Herat,AF,34.5,62.0,93.2,18,3,28.92,clear sky
279,Havre-Saint-Pierre,CA,50.2334,-63.5986,64.76,77,100,11.5,overcast clouds
280,Samarai,PG,-10.6167,150.6667,78.3,85,88,15.48,overcast clouds
281,Pisco,PE,-13.7,-76.2167,60.85,77,100,6.91,overcast clouds
282,San Nicolas,PH,18.1725,120.5953,81.41,81,79,3.98,broken clouds
283,Sisimiut,GL,66.9395,-53.6735,43.65,80,100,6.22,overcast clouds
284,Iqaluit,CA,63.7506,-68.5145,53.33,66,75,3.44,broken clouds
285,Kikwit,CD,-5.041,18.8162,96.75,19,100,1.12,overcast clouds
286,Shelburne,CA,44.0787,-80.2041,73.85,89,0,11.43,clear sky
287,Chenghai,CN,23.4632,116.768,87.71,79,75,6.71,broken clouds
288,Kabalo,CD,-6.05,26.9167,94.89,20,8,4.09,clear sky
289,Tuatapere,NZ,-46.1333,167.6833,43.16,92,100,4.34,overcast clouds
290,Ramsar,IR,36.9226,50.6426,76.44,94,100,6.91,light intensity shower rain
291,Haifa,IL,32.8156,34.9892,87.21,70,20,10.36,few clouds
292,Kaitangata,NZ,-46.2817,169.8464,43.83,92,100,8.81,overcast clouds
293,Lagos,NG,6.5833,3.75,78.06,81,98,11.5,overcast clouds
294,Korla,CN,41.7597,86.1469,95.29,13,48,3.15,scattered clouds
295,Caravelas,BR,-17.7125,-39.2481,78.17,56,13,4.72,few clouds
296,Kruisfontein,ZA,-34.0033,24.7314,73.89,46,0,5.26,clear sky
297,Lucea,JM,18.451,-78.1736,85.86,73,5,15.32,clear sky
298,Verkh-Usugli,RU,52.7,115.1667,49.46,95,90,2.84,overcast clouds
299,Qaqortoq,GL,60.7167,-46.0333,44.82,77,12,8.03,few clouds
300,Xining,CN,36.6167,101.7667,55.56,70,40,4.05,scattered clouds
301,Moyale,KE,3.5167,39.0584,76.15,44,100,13.06,overcast clouds
302,Verkhnetulomskiy,RU,68.6073,31.7962,53.73,90,100,6.73,overcast clouds
303,Pochutla,MX,15.7432,-96.4661,80.82,77,34,1.95,scattered clouds
304,Peleduy,RU,59.6289,112.7406,63.95,96,79,4.09,broken clouds
305,Tahoua,NE,14.8888,5.2692,85.89,50,100,7.18,overcast clouds
306,Duncan,US,34.5023,-97.9578,87.69,54,0,16.11,clear sky
307,Camapua,BR,-19.5314,-54.0439,85.42,20,0,8.43,clear sky
308,Russellville,US,35.2784,-93.1338,84.34,74,100,0.0,overcast clouds
309,Dharchula,IN,29.85,80.5333,72.27,96,91,0.27,overcast clouds
310,Asaka,JP,35.8047,139.6019,84.79,85,100,5.88,overcast clouds
311,Christchurch,NZ,-43.5333,172.6333,44.91,92,100,4.61,overcast clouds
312,Khash,IR,28.2211,61.2158,82.85,46,89,8.16,overcast clouds
313,Birsk,RU,55.4211,55.5428,69.82,64,61,8.08,broken clouds
314,West Fargo,US,46.875,-96.9004,64.02,72,20,11.5,few clouds
315,Redmond,US,47.674,-122.1215,70.38,84,1,1.01,clear sky
316,Taveta,KE,-3.3963,37.6736,82.53,36,91,10.74,overcast clouds
317,Vila,PT,42.0304,-8.1588,77.7,47,0,7.45,clear sky
318,Katsuura,JP,35.1333,140.3,80.06,91,100,14.52,overcast clouds
319,Bermeo,ES,43.4209,-2.7215,81.41,62,93,7.52,overcast clouds
320,Umuarama,BR,-23.7664,-53.325,76.44,41,42,13.27,scattered clouds
321,Anito,PH,12.4497,125.2886,81.28,85,100,8.03,moderate rain
322,Bozhou,CN,33.8772,115.7703,74.86,80,6,2.73,clear sky
323,Aswan,EG,24.0934,32.907,106.38,9,100,11.83,overcast clouds
324,Bambanglipuro,ID,-7.95,110.2833,75.02,87,98,8.34,overcast clouds
325,Beloha,MG,-25.1667,45.05,69.64,59,26,13.8,scattered clouds
326,Pokaran,IN,26.9167,71.9167,90.54,53,99,12.44,overcast clouds
327,Talaya,RU,61.3833,152.75,51.19,54,100,1.97,overcast clouds
328,Maralal,KE,1.0968,36.698,71.42,47,97,8.72,light rain
329,Yantal,RU,56.8471,105.2542,56.37,99,100,3.29,light rain
330,Torbay,CA,47.6666,-52.7314,74.75,75,20,9.22,few clouds
331,Madang,PG,-5.2246,145.7966,77.88,87,53,2.04,broken clouds
332,Mao,ES,39.8885,4.2658,84.76,61,20,11.5,few clouds
333,Arona,ES,28.0996,-16.681,73.92,59,20,28.77,few clouds
334,Amurzet,RU,47.6967,131.0981,73.06,87,88,2.77,overcast clouds
335,Humaita,BR,-7.5061,-63.0208,90.68,28,34,3.15,scattered clouds
336,Velykoploske,UA,47.0125,29.6717,90.68,27,100,5.7,overcast clouds
337,Indian Head,US,38.6001,-77.1622,86.16,80,20,3.44,haze
338,Matara,LK,5.9485,80.5353,78.8,87,100,9.95,overcast clouds
339,Morondava,MG,-20.2833,44.2833,75.74,61,0,12.1,clear sky
340,Bundaberg,AU,-24.85,152.35,53.22,97,0,1.01,clear sky
341,Gemena,CD,3.25,19.7667,73.06,92,100,1.7,overcast clouds
342,Hamilton,US,39.1834,-84.5333,80.78,84,75,8.05,broken clouds
343,Saltillo,MX,25.4167,-101.0,74.28,41,0,17.27,clear sky
344,Santa Maria,BR,-29.6842,-53.8069,68.27,79,100,4.94,light rain
345,Tiznit,MA,29.5833,-9.5,86.32,37,0,9.93,clear sky
346,Tapiramuta,BR,-11.8472,-40.7914,67.3,77,92,6.91,overcast clouds
347,Raudeberg,NO,61.9875,5.1352,59.67,70,80,13.85,broken clouds
348,Kharan,PK,28.5833,65.4167,85.21,58,100,6.08,overcast clouds
349,Luganville,VU,-15.5333,167.1667,77.94,87,95,7.38,overcast clouds
350,Cockburn Town,TC,21.4612,-71.1419,81.34,73,0,20.42,clear sky
351,Kyshtovka,RU,56.555,76.6271,67.48,87,100,9.53,overcast clouds
352,Gat,IL,31.61,34.7642,98.4,27,0,14.58,clear sky
353,Chuy,UY,-33.6971,-53.4616,54.52,95,100,12.39,overcast clouds
354,Makakilo City,US,21.3469,-158.0858,74.68,73,0,4.61,clear sky
355,Urengoy,RU,65.9667,78.3667,68.45,54,11,8.5,few clouds
356,Tuktoyaktuk,CA,69.4541,-133.0374,44.6,87,100,12.66,light rain
357,Ahuimanu,US,21.4447,-157.8378,75.85,80,40,0.0,scattered clouds
358,Acurenam,GQ,1.0322,10.6488,78.48,61,82,7.0,broken clouds
359,Amaigbo,NG,5.7892,7.8383,73.85,94,100,7.67,light rain
360,Batemans Bay,AU,-35.7167,150.1833,53.1,88,98,4.79,light rain
361,Vetlanda,SE,57.4289,15.0776,72.95,28,20,5.86,few clouds
362,Ganzhou,CN,28.8184,115.4327,80.87,86,100,3.42,moderate rain
363,Darhan,MN,49.4867,105.9228,55.47,77,3,0.67,clear sky
364,Ilulissat,GL,69.2167,-51.1,48.22,66,20,4.61,few clouds
365,Sao Filipe,CV,14.8961,-24.4956,80.15,81,53,8.68,broken clouds
366,Save,BJ,8.0425,2.486,77.61,85,100,5.35,moderate rain
367,Hami,CN,42.8,93.45,93.07,8,25,10.98,scattered clouds
368,Hare Bay,CA,48.8499,-54.0148,65.8,78,70,10.51,broken clouds
369,Kaeo,NZ,-35.1,173.7833,46.33,94,4,6.85,clear sky
370,Urumqi,CN,43.801,87.6005,86.95,22,0,6.71,clear sky
371,Bundu,IN,23.1833,85.5833,84.42,68,100,3.53,overcast clouds
372,Aksu,CN,41.1231,80.2644,97.65,16,81,12.53,broken clouds
373,Ituacu,BR,-13.8133,-41.2967,73.22,62,83,6.6,broken clouds
374,Felanitx,ES,39.4696,3.1483,91.45,50,0,12.08,clear sky
375,Ravar,IR,31.2656,56.8055,95.09,34,47,19.15,scattered clouds
376,Wajima,JP,37.4,136.9,77.54,88,3,7.56,clear sky
377,Wangaratta,AU,-36.3667,146.3333,40.3,92,11,4.18,few clouds
378,Luderitz,NA,-26.6481,15.1594,58.28,76,6,5.61,clear sky
379,Puerto Baquerizo Moreno,EC,-0.9,-89.6,70.79,88,40,8.05,scattered clouds
380,Apsheronsk,RU,44.46,39.73,86.0,32,0,4.16,clear sky
381,Autazes,BR,-3.5797,-59.1306,91.15,40,70,2.57,broken clouds
382,Olafsvik,IS,64.8945,-23.7142,49.15,82,100,12.24,overcast clouds
383,Cochabamba,BO,-17.3895,-66.1568,66.79,18,21,3.0,few clouds
384,Mayumba,GA,-3.432,10.6554,74.57,69,98,4.99,overcast clouds
385,Avdon,RU,54.6667,55.7167,74.52,41,40,13.42,scattered clouds
386,Gisborne,NZ,-38.6533,178.0042,55.53,70,67,11.72,broken clouds
387,Quatre Cocos,MU,-20.2078,57.7625,71.71,74,13,9.82,few clouds
388,Cerignola,IT,41.264,15.9005,88.83,36,0,14.81,clear sky
389,Palana,RU,59.1167,159.9667,42.53,84,5,7.56,clear sky
390,Yueyang,CN,29.3333,113.0919,79.45,86,34,2.04,scattered clouds
391,Sao Felix Do Xingu,BR,-6.6447,-51.995,88.7,30,5,4.68,clear sky
392,West Bay,KY,19.3667,-81.4167,88.07,72,20,16.11,few clouds
393,Maniitsoq,GL,65.4167,-52.9,40.84,88,100,3.36,overcast clouds
394,Bardiyah,LY,31.7561,25.0865,85.66,51,0,16.84,clear sky
395,Takoradi,GH,4.8845,-1.7554,79.95,68,89,14.7,overcast clouds
396,Ballina,AU,-28.8667,153.5667,50.02,99,98,2.48,overcast clouds
397,Springdale,US,36.1867,-94.1288,85.73,78,0,8.05,clear sky
398,Cartagena,CO,10.3997,-75.5144,78.42,89,75,12.66,broken clouds
399,Nome,US,64.5011,-165.4064,37.47,100,0,0.0,clear sky
400,Udachnyy,RU,66.4167,112.4,79.45,53,30,6.06,scattered clouds
401,Dwarka,IN,22.2394,68.9678,82.6,79,98,13.6,overcast clouds
402,Okhotsk,RU,59.3833,143.3,57.07,87,17,7.99,few clouds
403,Solnechnyy,RU,50.7214,136.6319,67.17,93,100,2.82,overcast clouds
404,Nanlong,CN,31.3533,106.0631,80.22,76,1,2.19,clear sky
405,Filingue,NE,14.3521,3.3168,90.72,46,100,14.36,overcast clouds
406,Sambava,MG,-14.2667,50.1667,73.6,78,73,9.86,broken clouds
407,Filotion,GR,37.05,25.5,81.16,55,0,19.57,clear sky
408,Huarmey,PE,-10.0681,-78.1522,63.36,82,58,7.47,broken clouds
409,Muros,ES,42.7762,-9.0603,76.08,59,78,9.71,broken clouds
410,Caruray,PH,10.3094,119.0128,81.7,84,97,8.7,light rain
411,Grindavik,IS,63.8424,-22.4338,51.75,87,75,16.11,broken clouds
412,Havoysund,NO,70.9963,24.6622,50.23,80,100,17.4,overcast clouds
413,Belfast,GB,54.5833,-5.9333,64.99,77,75,9.22,broken clouds
414,Nioro,GM,13.35,-15.75,91.06,54,47,12.66,scattered clouds
415,Ucluelet,CA,48.9329,-125.5528,58.08,93,77,4.18,broken clouds
416,Nuuk,GL,64.1835,-51.7216,47.01,93,40,8.05,fog
417,Kulai,MY,1.6561,103.6032,84.06,94,20,0.0,few clouds
418,Tursunzoda,TJ,38.5144,68.2333,99.99,17,4,4.9,clear sky
419,Zile,TR,40.3031,35.8864,83.79,23,0,9.33,clear sky
420,Chernyshevsk,RU,52.5243,117.0174,57.43,86,93,2.95,overcast clouds
421,Talara,PE,-4.5772,-81.2719,66.96,77,0,21.85,clear sky
422,Saldanha,ZA,-33.0117,17.9442,71.65,63,0,13.11,clear sky
423,Wuzhou,CN,23.4833,111.3167,81.23,66,65,2.73,broken clouds
424,Mpika,ZM,-11.8343,31.4529,73.13,31,10,9.08,clear sky
425,Benguela,AO,-12.5763,13.4055,74.3,73,75,9.33,broken clouds
426,Araguacu,BR,-12.9306,-49.8264,87.04,25,5,8.66,clear sky
427,Hobyo,SO,5.3505,48.5268,79.07,71,54,28.27,broken clouds
428,Shitkino,RU,56.3703,98.3543,61.61,88,100,3.33,overcast clouds
429,Avarua,CK,-21.2078,-159.775,73.45,94,75,19.57,light rain
430,Impfondo,CG,1.6381,18.0667,85.35,54,100,4.9,overcast clouds
431,Leningradskiy,RU,69.3833,178.4167,33.66,90,99,4.18,overcast clouds
432,Pontianak,ID,-0.0333,109.3333,76.68,93,83,1.97,light rain
433,Listvyanka,RU,51.8535,104.8693,55.45,75,96,2.44,overcast clouds
434,Oneonta,US,42.4529,-75.0638,81.1,84,38,5.79,scattered clouds
435,Kongolo,CD,-5.3833,27.0,95.02,20,37,5.46,scattered clouds
436,Wattegama,LK,6.7989,81.4808,77.22,88,100,3.06,overcast clouds
437,San Jose,US,37.3394,-121.895,61.93,84,100,4.61,overcast clouds
438,La Reforma,MX,25.0833,-108.05,79.03,74,100,1.88,overcast clouds
439,Marfino,RU,55.7028,37.3822,73.31,77,75,8.95,broken clouds
440,Innisfail,AU,-17.5333,146.0333,60.3,81,6,4.9,clear sky
441,Batagay-Alyta,RU,67.8006,130.4114,69.26,62,99,3.33,overcast clouds
442,La Plata,AR,-34.9215,-57.9545,50.95,68,100,15.7,overcast clouds
443,Lazne Bohdanec,CZ,50.0756,15.6798,83.61,39,0,4.61,clear sky
444,Te Anau,NZ,-45.4167,167.7167,41.11,98,100,1.32,overcast clouds
445,Antalaha,MG,-14.9003,50.2788,73.26,79,35,9.28,scattered clouds
446,Langxiang,CN,46.95,128.8833,70.54,95,86,2.17,overcast clouds
447,Songjianghe,CN,42.1859,127.479,66.54,80,100,4.5,overcast clouds
448,Lincoln,US,40.8,-96.667,71.15,80,75,9.22,broken clouds
449,Moura,PT,38.1401,-7.4486,89.71,23,0,10.27,clear sky
450,Puerto Escondido,MX,15.85,-97.0667,76.03,69,0,6.91,clear sky
451,Sioux Lookout,CA,50.1001,-91.917,59.07,77,75,13.8,broken clouds
452,Zeya,RU,53.75,127.2667,66.83,98,100,4.25,overcast clouds
453,Maldonado,UY,-34.6667,-54.9167,51.19,95,100,12.82,overcast clouds
454,Tilichiki,RU,60.4667,166.1,44.98,79,100,5.84,overcast clouds
455,Belaya Gora,RU,68.5333,146.4167,47.05,60,25,9.82,scattered clouds
456,Sena Madureira,BR,-9.0656,-68.6569,87.64,41,10,1.39,clear sky
457,Aksarka,RU,66.5606,67.7975,76.3,44,55,5.66,broken clouds
458,Kiunga,PG,-6.1219,141.2906,73.8,99,89,3.36,overcast clouds
459,Brufut,GM,13.3814,-16.7518,89.69,62,75,12.66,broken clouds
460,Andenes,NO,69.3143,16.1194,52.93,76,75,10.36,broken clouds
461,Woodward,US,36.4337,-99.3904,78.03,78,0,21.85,clear sky
462,Rubizhne,UA,49.0123,38.3797,86.65,33,96,10.4,overcast clouds
463,Amapa,BR,1.0,-52.0,86.2,58,18,3.62,few clouds
464,Fort Nelson,CA,58.8053,-122.7002,64.87,78,82,2.62,broken clouds
465,Kati,ML,12.7441,-8.0726,87.21,65,98,8.46,overcast clouds
466,Buraydah,SA,26.326,43.975,108.05,8,100,8.23,overcast clouds
467,Akyab,MM,20.15,92.9,84.49,76,66,9.78,broken clouds
468,Mlowo,TZ,-9.0,32.9833,78.93,25,25,4.36,scattered clouds
469,Faanui,PF,-16.4833,-151.75,78.85,74,16,27.02,light rain
470,Trapani,IT,37.8333,12.6667,99.28,66,20,16.11,few clouds
471,Kalmunai,LK,7.4167,81.8167,81.63,76,99,3.33,overcast clouds
472,Mingaora,PK,34.7758,72.3625,77.11,90,82,3.0,broken clouds
473,Xiongzhou,CN,25.1167,114.3,85.05,56,64,2.75,broken clouds
474,Marondera,ZW,-18.1853,31.5519,66.18,16,0,10.18,clear sky
475,Borger,NL,52.9233,6.7931,71.85,54,96,8.32,overcast clouds
476,Coahuayana,MX,18.7333,-103.6833,77.74,81,85,3.74,overcast clouds
477,Tha Bo,TH,17.85,102.5814,83.86,67,1,2.68,clear sky
478,Sakakah,SA,29.9697,40.2064,105.85,6,100,2.35,overcast clouds
479,Borgarnes,IS,64.5383,-21.9206,53.82,89,100,8.16,overcast clouds
480,Buala,SB,-8.145,159.5921,79.41,83,41,8.28,light rain
481,Biak,ID,-0.9131,122.8766,75.24,87,86,6.11,overcast clouds
482,La Palma,US,33.8464,-118.0467,71.11,91,100,3.44,overcast clouds
483,Conde,BR,-7.2597,-34.9075,81.86,65,75,12.66,broken clouds
484,Mariveles,PH,14.4833,120.4833,73.36,84,100,7.9,heavy intensity rain
485,Owando,CG,-0.4819,15.8999,92.34,31,100,2.01,overcast clouds
486,Plettenberg Bay,ZA,-34.0527,23.3716,70.61,54,0,4.63,clear sky
487,Mount Isa,AU,-20.7333,139.5,58.77,31,0,8.05,clear sky
488,Vallenar,CL,-28.5708,-70.7581,61.32,49,9,2.98,clear sky
489,Fomboni,KM,-12.28,43.7425,76.26,74,78,15.12,light rain
490,Gamba,GA,-2.65,10.0,74.08,73,100,7.25,overcast clouds
491,Kushima,JP,31.4583,131.2333,77.95,93,88,7.18,overcast clouds
492,Sept-Iles,CA,50.2001,-66.3821,66.72,81,75,18.41,broken clouds
493,Nanchong,CN,30.7951,106.0847,80.91,77,2,3.44,clear sky
494,Asau,RO,46.4333,26.4,80.96,64,97,3.98,overcast clouds
495,Itoman,JP,26.1247,127.6694,84.58,80,75,12.66,broken clouds
496,Sun Valley,US,39.5963,-119.776,77.86,42,20,4.61,few clouds
497,Kuching,MY,1.55,110.3333,82.62,83,20,0.0,few clouds
498,Betlitsa,RU,54.0095,33.9588,66.18,66,98,11.23,overcast clouds
499,Clyde River,CA,70.4692,-68.5914,37.63,100,100,12.66,light rain
500,Mahajanga,MG,-15.7167,46.3167,76.14,65,86,9.93,overcast clouds
501,Loandjili,CG,-4.7561,11.8578,76.12,67,77,8.39,broken clouds
502,Ramban,IN,33.25,75.25,70.97,97,100,2.48,overcast clouds
503,Pocone,BR,-16.2567,-56.6228,91.51,20,0,9.53,clear sky
504,Florence,IT,43.7667,11.25,101.05,28,40,4.61,scattered clouds
505,Shingu,JP,33.7333,135.9833,78.28,92,53,4.72,broken clouds
506,Port Hueneme,US,34.1478,-119.1951,65.7,91,100,5.75,overcast clouds
507,Puerto Del Rosario,ES,28.5004,-13.8627,78.55,65,20,21.85,few clouds
508,Portland,US,45.5234,-122.6762,69.48,79,20,5.75,few clouds
509,Burns Lake,CA,54.2331,-125.7533,45.82,70,0,2.08,clear sky
510,Bilibino,RU,68.0546,166.4372,42.75,74,74,4.9,broken clouds
511,Estreito,BR,-5.7833,-43.25,89.74,32,6,6.38,clear sky
512,Machala,EC,-3.2667,-79.9667,73.35,83,100,2.3,overcast clouds
513,Goundi,TD,9.3627,17.366,78.84,79,97,3.58,overcast clouds
514,Sorland,NO,67.667,12.6934,55.26,62,75,10.36,broken clouds
515,Mahebourg,MU,-20.4081,57.7,71.26,75,22,9.8,few clouds
516,Porto Novo,BJ,6.4965,2.6036,81.61,64,100,15.19,overcast clouds
517,Ciudad Bolivar,VE,8.1222,-63.5497,84.79,64,73,5.14,broken clouds
518,Hambantota,LK,6.1241,81.1185,80.46,82,100,12.48,overcast clouds
519,Tautira,PF,-17.7333,-149.15,77.59,72,21,24.74,few clouds
520,Mayahi,NE,13.9553,7.6712,80.47,61,100,10.69,overcast clouds
521,Santiago De Cao,PE,-7.9589,-79.2392,59.13,94,100,9.22,light intensity drizzle
522,Hofn,IS,64.2539,-15.2082,51.82,87,100,4.61,mist
523,Dossor,KZ,47.5272,52.9811,82.69,42,99,9.33,light rain
524,Vuktyl,RU,63.8567,57.3094,76.96,37,57,5.23,broken clouds
525,Ayolas,PY,-27.4,-56.9,71.13,67,100,6.76,overcast clouds
526,Nguru,NG,12.8791,10.4526,90.01,41,66,8.05,broken clouds
527,Pandamatenga,BW,-18.5278,25.627,76.64,19,0,7.23,clear sky
528,Itacare,BR,-14.2775,-38.9967,72.23,83,57,6.17,broken clouds
529,Puerto Parra,CO,6.6515,-74.0573,78.96,99,100,2.44,overcast clouds
530,Mpulungu,ZM,-8.7623,31.1141,81.66,42,11,3.96,few clouds
531,Watrous,CA,51.6668,-105.4679,60.58,72,3,3.44,clear sky
532,Bilma,NE,18.6853,12.9164,104.22,17,100,6.53,overcast clouds
533,Honiara,SB,-9.4333,159.95,76.44,89,16,7.09,few clouds
534,Altamira,BR,-3.2033,-52.2064,87.96,45,98,4.14,overcast clouds
535,Namibe,AO,-15.1961,12.1522,68.16,66,63,10.0,broken clouds
536,Oudtshoorn,ZA,-33.5907,22.2014,70.16,26,0,8.95,clear sky
537,Kirakira,SB,-10.4544,161.9205,78.87,86,62,8.99,broken clouds
538,Druzhba,UA,52.0428,33.9453,68.85,68,68,10.49,broken clouds
539,Hurghada,EG,27.2574,33.8129,92.07,37,0,6.15,clear sky
540,Kurumkan,RU,54.3,110.3,54.36,99,100,1.54,overcast clouds
541,Ola,RU,59.5833,151.2833,53.15,94,98,7.29,overcast clouds
542,Thinadhoo,MV,0.5333,72.9333,83.62,71,85,15.57,overcast clouds
543,Mitsamiouli,KM,-11.3847,43.2844,76.15,73,60,10.07,light rain
544,Uglegorsk,RU,49.0833,142.0333,59.16,93,96,3.94,overcast clouds
545,Qasigiannguit,GL,68.8193,-51.1922,48.45,71,77,0.76,broken clouds
546,Camacha,PT,33.0833,-16.3333,72.82,78,75,12.66,broken clouds
547,Kuala Terengganu,MY,5.3302,103.1408,76.95,94,20,4.61,few clouds
548,Vila Velha,BR,-20.3297,-40.2925,82.35,63,20,10.36,few clouds
549,Sandnessjoen,NO,66.0217,12.6316,57.72,69,75,5.75,broken clouds
550,Minsk,BY,53.9,27.5667,69.55,59,89,8.39,overcast clouds
551,Monterey,US,36.2505,-121.2516,69.17,42,10,4.65,clear sky
552,Bahia Blanca,AR,-38.7196,-62.2724,47.1,75,0,10.76,clear sky
553,La Romana,DO,18.4273,-68.9728,84.56,74,40,9.22,scattered clouds
554,Racine,US,42.7495,-88.0751,72.43,79,0,10.36,clear sky
555,Tianjin,CN,39.1422,117.1767,75.15,83,0,2.24,clear sky
556,Lima,PE,-12.0432,-77.0282,59.9,90,100,2.3,overcast clouds
557,Russell,US,32.3502,-85.1999,84.96,78,0,4.61,clear sky
558,Hillsboro,US,45.5229,-122.9898,69.57,77,0,0.0,clear sky
559,Araouane,ML,18.9048,-3.5265,106.66,16,99,11.34,overcast clouds
560,Mananjary,MG,-21.2167,48.3333,70.52,80,66,6.96,broken clouds
561,Tual,ID,-5.6667,132.75,78.75,87,47,22.17,scattered clouds
562,Yatou,CN,37.15,122.3833,75.97,97,1,8.46,clear sky
563,Wajid,SO,3.8093,43.2471,88.9,30,91,19.1,overcast clouds
564,Kulhudhuffushi,MV,6.6221,73.07,81.75,80,100,18.43,overcast clouds
565,Pangnirtung,CA,66.1451,-65.7125,53.6,87,100,3.44,light rain
566,Cua,VE,10.1589,-66.8858,87.58,76,60,2.24,broken clouds
567,Prainha,BR,-1.8,-53.48,86.34,58,3,5.17,clear sky
568,Inegol,TR,40.0781,29.5133,90.68,18,0,15.12,clear sky
569,Sangar,RU,63.9242,127.4739,69.57,71,2,1.97,clear sky
570,Karwar,IN,14.8,74.1333,80.02,89,60,11.79,broken clouds
571,Ottersberg,DE,53.1,9.15,72.09,33,82,5.39,broken clouds
572,Kabompo,ZM,-13.5927,24.2008,82.38,18,97,3.8,overcast clouds
573,Bud,US,39.447,-86.1758,80.55,79,100,4.52,overcast clouds
574,Tacoronte,ES,28.4769,-16.4102,71.33,71,40,18.41,scattered clouds
575,Saint-Denis,FR,48.9167,2.3333,83.35,34,100,9.22,overcast clouds
576,Niort,FR,46.3333,-0.3333,81.63,39,22,1.99,few clouds
577,Umea,SE,63.8284,20.2597,61.92,59,100,8.05,overcast clouds
578,Asfi,MA,32.2994,-9.2372,74.75,68,0,17.76,clear sky
579,Wahpeton,US,46.2652,-96.6059,62.62,77,0,11.5,clear sky
580,Nantucket,US,41.2835,-70.0995,80.71,81,75,10.36,broken clouds
581,Izmir,TR,38.4622,27.0923,99.91,26,0,20.71,clear sky
582,Irituia,BR,-1.7711,-47.4381,88.43,54,0,3.69,clear sky
583,Maningrida,AU,-12.0667,134.2667,69.21,72,17,12.3,few clouds
584,Jiuquan,CN,39.7432,98.5174,82.06,21,36,8.23,scattered clouds
585,Elat,IL,29.5581,34.9482,107.44,12,0,16.11,clear sky
586,Mizdah,LY,31.4451,12.9801,102.34,11,2,12.33,clear sky
587,Miquelon,PM,47.0975,-56.3814,71.6,86,45,2.53,scattered clouds
588,Pointe Michel,DM,15.25,-61.3833,80.89,72,20,17.34,few clouds
589,Beira,MZ,-19.8436,34.8389,73.49,56,20,11.5,few clouds
590,Panama City,PA,8.9936,-79.5197,81.45,88,75,3.44,broken clouds
591,Umuahia,NG,5.5263,7.4896,74.79,89,100,9.08,overcast clouds
592,Haines Junction,CA,60.7522,-137.5108,48.15,100,100,0.0,overcast clouds
593,Jining,CN,35.405,116.5814,75.24,90,24,2.48,few clouds
594,Traralgon,AU,-38.1833,146.5333,40.71,96,57,3.49,broken clouds
595,Ternate,ID,0.8,127.4,80.94,78,100,3.85,overcast clouds
596,Omboue,GA,-1.5746,9.2618,75.58,70,100,8.39,overcast clouds
597,Chokurdakh,RU,70.6333,147.9167,47.19,56,76,10.16,broken clouds
598,Bireun,ID,5.203,96.7009,79.18,86,92,2.48,overcast clouds
599,Amuntai,ID,-2.4177,115.2494,74.59,97,93,1.05,overcast clouds
600,Guasdualito,VE,7.2424,-70.7324,80.56,83,40,4.61,scattered clouds
601,Japura,ID,-0.3167,102.35,76.35,94,76,3.18,broken clouds
602,Astoria,US,46.1879,-123.8313,59.56,97,100,3.44,mist
603,Grand Gaube,MU,-20.0064,57.6608,72.0,70,3,7.0,clear sky
604,Shakiso,ET,5.75,38.9167,71.29,55,96,4.12,overcast clouds
605,Price,US,39.5994,-110.8107,65.46,63,40,0.0,scattered clouds
606,Taoudenni,ML,22.6783,-3.9836,116.35,7,5,10.94,clear sky
607,Chala,TZ,-7.5833,31.2667,77.29,31,16,0.81,few clouds
608,Koudougou,BF,12.25,-2.3667,91.71,45,48,11.3,scattered clouds
609,Acapulco,MX,16.8634,-99.8901,80.42,83,75,4.61,broken clouds
610,Amontada,BR,-3.3617,-39.8317,91.92,37,76,7.43,broken clouds
611,Zonguldak,TR,41.25,31.8333,77.85,40,0,7.11,clear sky
612,Fredericksburg,US,38.3032,-77.4605,86.22,79,40,3.44,scattered clouds
613,Miri,MY,4.4148,114.0089,78.94,94,40,2.3,scattered clouds
614,Mendota,US,36.7536,-120.3816,66.47,46,4,6.15,clear sky
615,Harper,LR,4.375,-7.7169,79.25,63,30,9.78,scattered clouds
616,Kpandae,GH,8.4689,-0.0113,82.11,67,99,11.63,light rain
617,Masuguru,TZ,-11.3667,38.4167,87.85,26,72,4.76,broken clouds
618,Lovington,US,32.944,-103.3485,81.32,49,0,3.0,clear sky
619,Tommot,RU,58.9564,126.2925,67.48,75,23,4.05,few clouds
620,Casablanca,MA,33.5928,-7.6192,86.22,61,0,9.22,clear sky
621,Skjervoy,NO,70.0311,20.9714,51.8,79,60,8.95,broken clouds
622,Linjiang,CN,41.8069,126.9078,70.65,91,86,1.52,overcast clouds
623,Great Yarmouth,GB,52.6083,1.7305,71.1,58,100,13.71,overcast clouds
624,Riviere-Au-Renard,CA,48.9957,-64.3971,71.89,74,100,4.38,overcast clouds
625,Santiago Del Estero,AR,-27.7951,-64.2615,55.54,72,100,17.54,overcast clouds
626,Kloulklubed,PW,7.0419,134.2556,75.7,72,100,8.77,overcast clouds
627,Gorontalo,ID,0.5412,123.0595,74.53,94,60,2.93,broken clouds
628,Vargata,RO,46.5667,24.8,85.14,84,100,7.81,overcast clouds
629,Champasak,LA,14.75,106.0,75.42,96,64,0.96,broken clouds
630,Twentynine Palms,US,34.1356,-116.0542,85.24,29,15,3.0,few clouds
631,North Branch,US,45.5113,-92.9802,67.06,85,3,3.0,clear sky
632,Ilhabela,BR,-23.7781,-45.3581,80.04,46,33,2.08,scattered clouds
633,Leh,IN,34.1667,77.5833,61.11,67,87,3.67,overcast clouds
634,Nyagan,RU,62.1406,65.3936,75.09,38,0,3.2,clear sky
635,Saint-Francois,FR,46.4154,3.9054,84.67,30,0,3.44,clear sky
636,Watertown,US,42.3709,-71.1828,84.67,67,75,6.91,broken clouds
637,Port-Gentil,GA,-0.7193,8.7815,74.64,77,100,12.53,overcast clouds
638,Lata,PT,40.1629,-8.3327,83.48,46,0,13.38,clear sky
639,Novokayakent,RU,42.3937,47.9861,78.21,60,37,4.7,scattered clouds
640,Antigonish,CA,45.6169,-61.9986,77.14,75,81,4.0,broken clouds
641,Port Hardy,CA,50.6996,-127.4199,55.58,100,20,2.3,fog
642,Henties Bay,NA,-22.116,14.2845,59.18,73,4,10.92,clear sky
643,Diapaga,BF,12.0708,1.7889,86.45,60,100,8.12,light rain
644,Palmer,US,42.1584,-72.3287,81.48,79,75,4.61,broken clouds
645,Bonavista,CA,48.6499,-53.1147,58.87,91,66,14.34,broken clouds
646,Zyryanka,RU,65.75,150.85,46.87,63,5,8.99,clear sky
647,Goiana,BR,-7.5606,-35.0025,82.92,62,36,9.91,scattered clouds
648,Kizukuri,JP,40.8061,140.3861,69.12,90,3,2.26,clear sky
649,Naryan-Mar,RU,67.6713,53.087,79.77,47,100,9.13,overcast clouds
650,Eydhafushi,MV,5.1033,73.0708,82.13,76,82,17.29,moderate rain
651,Awbari,LY,26.5921,12.7805,100.53,7,0,14.12,clear sky
652,Bereda,ES,43.2686,-7.5406,83.41,62,56,5.44,broken clouds
653,Katobu,ID,-4.9408,122.5276,74.08,86,97,5.39,overcast clouds
654,Kazanskoye,RU,55.6448,69.235,62.82,90,99,11.61,light rain
655,Lubao,PH,14.9167,120.55,85.71,87,100,3.11,overcast clouds
656,Zatoka,UA,46.0725,30.4654,79.77,60,99,11.61,overcast clouds
657,Bay Roberts,CA,47.5999,-53.2648,75.51,76,7,5.01,clear sky
658,Belyy Yar,RU,53.6039,91.3903,67.89,55,0,6.71,clear sky
659,Along,IN,28.1667,94.7667,75.43,98,60,0.4,broken clouds
660,Orocue,CO,4.7912,-71.3354,72.45,94,100,4.74,overcast clouds
661,Shenkursk,RU,62.1091,42.896,74.14,81,96,4.36,overcast clouds
662,Bathsheba,BB,13.2167,-59.5167,86.61,79,20,21.85,few clouds
663,Pedernales,DO,18.0384,-71.744,83.82,59,68,1.72,broken clouds
664,Miracema Do Tocantins,BR,-9.5618,-48.3967,89.37,25,3,7.92,clear sky
665,Dali,CN,25.7,100.1833,64.87,88,88,3.02,overcast clouds
666,Laguna,US,38.421,-121.4238,69.64,84,0,6.91,clear sky
667,Wolomin,PL,52.3401,21.2421,78.04,48,83,6.31,broken clouds
668,Alofi,NU,-19.0595,-169.9187,73.29,83,81,11.5,broken clouds
669,Nicoya,CR,10.1483,-85.452,77.61,85,96,1.3,overcast clouds
670,Amahai,ID,-3.3333,128.9167,76.86,91,97,7.56,overcast clouds
671,Olinda,BR,-8.0089,-34.8553,80.33,69,40,14.97,scattered clouds
672,Montalto Uffugo,IT,39.4048,16.158,90.75,34,4,5.19,clear sky
673,Angul,IN,20.85,85.1,87.04,67,100,2.44,overcast clouds
674,Maceio,BR,-9.6658,-35.7353,80.04,83,75,11.5,broken clouds
675,Formosa,AR,-26.1775,-58.1781,78.78,50,0,6.91,clear sky
676,Awka,NG,6.2101,7.0741,73.24,94,100,8.23,moderate rain
677,Ordzhonikidze,KZ,52.4411,61.7408,64.71,65,100,8.72,overcast clouds
678,Guiberoua,CI,6.2392,-6.1727,82.18,58,85,5.88,overcast clouds
679,Broome,US,42.2506,-75.833,81.09,71,46,7.0,scattered clouds
680,Champerico,GT,14.3,-91.9167,77.54,81,100,3.6,overcast clouds
681,Galesong,ID,-5.3166,119.3661,75.22,76,74,8.08,broken clouds
682,Arbroath,GB,56.5632,-2.5874,66.09,72,90,8.95,overcast clouds
683,Xifeng,CN,42.7372,124.7222,72.72,91,100,1.41,light rain
684,Rexburg,US,43.826,-111.7897,64.38,63,0,0.0,clear sky
685,Formosa Do Rio Preto,BR,-11.0483,-45.1931,84.29,29,0,6.87,clear sky
686,Belmonte,BR,-15.8631,-38.8828,74.73,66,66,3.4,broken clouds
687,Iskateley,RU,67.6803,53.1512,79.81,47,100,9.31,overcast clouds
688,Fort Myers Beach,US,26.452,-81.9481,88.05,74,0,5.75,clear sky
689,Robe,AU,-37.1833,139.75,48.31,78,9,7.63,clear sky
690,Amga,RU,60.8953,131.9608,74.37,58,83,2.26,broken clouds
691,Tambura,SS,5.6,27.4667,73.85,92,100,3.89,moderate rain
692,Thabazimbi,ZA,-24.5917,27.4116,76.48,22,1,8.48,clear sky
693,Pereslavl-Zalesskiy,RU,56.7393,38.8563,78.57,60,96,10.56,light rain
694,Yerbogachen,RU,61.2767,108.0108,68.74,94,99,5.86,light rain
695,Kano,NG,12.0001,8.5167,88.54,44,95,11.18,overcast clouds
696,Baruun-Urt,MN,46.6806,113.2792,66.38,44,9,14.67,clear sky
697,Otane,NZ,-39.8833,176.6333,55.0,71,72,7.87,broken clouds
698,Pasni,PK,25.2631,63.471,82.18,81,100,14.25,overcast clouds
699,Ilo,PE,-17.6394,-71.3375,61.66,77,75,11.5,broken clouds
700,Wajir,KE,1.7471,40.0573,87.94,33,89,21.25,overcast clouds
701,Sao Joao Da Barra,BR,-21.6403,-41.0511,78.89,58,0,10.38,clear sky
702,Camana,PE,-16.6228,-72.7111,63.52,75,76,11.54,broken clouds
703,Sorong,ID,-0.8833,131.25,76.6,94,100,7.96,overcast clouds
704,Nouadhibou,MR,20.931,-17.0347,80.58,65,0,21.85,sand
705,Bagan,RU,54.1001,77.6646,78.21,53,80,14.47,broken clouds
706,Pacific Grove,US,36.6177,-121.9166,56.01,96,75,1.01,broken clouds
707,Boyolangu,ID,-8.1181,111.8935,74.8,88,96,5.91,overcast clouds
708,Guane,CU,22.2025,-84.0875,84.7,70,93,12.28,overcast clouds
709,Zakamensk,RU,50.3741,103.2863,51.93,91,100,2.89,overcast clouds
710,Isla Mujeres,MX,21.2311,-86.731,87.85,75,98,11.01,overcast clouds
711,Canyon Lake,US,29.8752,-98.2625,83.98,76,16,15.01,few clouds
712,Wanlaweyn,SO,2.6185,44.8938,83.64,48,55,24.49,broken clouds
713,Najran,SA,17.4924,44.1277,97.45,14,21,9.24,few clouds
714,Rumphi,MW,-11.0186,33.8575,70.47,58,61,7.74,broken clouds
715,Margate,GB,51.3813,1.3862,72.3,64,100,5.01,overcast clouds
716,Ambulu,ID,-8.345,113.6058,75.18,83,65,5.61,broken clouds
717,Nehoiu,RO,45.4167,26.3,84.88,40,100,2.51,overcast clouds
718,Union,US,40.6334,-74.2663,84.79,78,40,6.91,scattered clouds
719,Fortuna,US,40.5982,-124.1573,56.93,93,100,0.0,overcast clouds
720,Zhigansk,RU,66.7697,123.3711,71.28,60,84,8.61,broken clouds
